lignecommande_id;quantite;prixUnitaire;t_lignecommande_fk;article_fk;commande_fk
1;1;18.00;;2;1
2;1;20.00;;3;1
3;1;5.00;;25;1
4;1;5.00;;30;1
5;1;18.00;;2;2
6;1;18.00;;4;2
7;1;14.00;;1;2
8;1;5.00;;25;2
1614;1;3.50;5;20;2
1615;1;2.50;5;18;2
1616;1;2.50;6;12;2
9;1;18.00;;2;3
10;1;20.50;;8;3
11;1;6.00;;28;3
12;1;17.00;;5;4
13;1;19.00;;6;4
14;1;18.00;;4;4
1617;1;2.00;12;15;4
1618;1;1.50;13;16;4
1619;1;1.50;13;16;4
1620;1;3.50;14;20;4
15;1;17.00;;5;5
16;1;20.00;;3;5
17;1;19.50;;7;5
18;1;4.00;;24;5
19;1;3.00;;21;5
20;1;6.00;;28;5
21;1;20.00;;3;6
22;1;19.50;;7;6
23;1;4.50;;23;6
1621;1;2.50;21;13;6
1622;1;2.50;21;10;6
24;1;18.00;;4;7
25;1;17.00;;5;7
26;1;19.00;;6;7
27;1;4.00;;22;7
1623;1;2.50;24;10;7
1624;1;2.00;24;15;7
1625;1;2.50;26;10;7
28;1;20.00;;3;8
29;1;3.00;;21;8
30;1;4.00;;22;8
31;1;17.00;;5;9
32;1;19.50;;7;9
33;1;4.00;;22;9
1626;1;2.50;31;12;9
1627;1;2.00;31;17;9
1628;1;2.50;32;13;9
1629;1;2.00;32;19;9
34;1;19.00;;6;10
35;1;18.00;;2;10
36;1;3.00;;21;10
37;1;6.00;;27;10
38;1;19.50;;7;11
39;2;18.00;;4;11
40;1;4.50;;26;11
1630;1;2.50;38;13;11
1631;1;2.00;39;11;11
41;1;14.00;;1;12
42;2;20.00;;3;12
43;1;4.50;;23;12
1632;1;3.50;42;20;12
44;1;18.00;;2;13
45;1;5.00;;25;13
1633;1;2.50;44;13;13
1634;1;2.00;44;17;13
46;1;18.00;;2;14
47;1;17.00;;5;14
48;1;19.00;;6;14
49;1;3.00;;21;14
1635;1;3.00;46;9;14
1636;1;1.50;47;16;14
50;1;18.00;;2;15
51;1;3.00;;21;15
1637;1;2.00;50;11;15
52;1;19.00;;6;16
53;1;18.00;;2;16
1638;1;2.50;53;18;16
1639;1;1.50;53;16;16
54;2;19.00;;6;17
55;2;17.00;;5;18
56;1;14.00;;1;18
57;1;4.50;;26;18
1640;1;3.50;55;20;18
1641;1;3.00;55;14;18
58;1;19.50;;7;19
59;2;19.00;;6;19
60;1;4.50;;23;19
1642;1;2.50;58;13;19
1643;1;2.50;58;12;19
1644;1;2.00;59;11;19
61;1;14.00;;1;20
62;1;4.50;;23;20
63;1;18.00;;4;21
64;2;14.00;;1;21
65;1;4.50;;26;21
1645;1;2.00;64;11;21
66;2;19.00;;6;22
67;2;14.00;;1;22
68;1;18.00;;4;23
69;1;19.00;;6;23
70;1;5.00;;25;23
71;1;6.00;;27;23
1646;1;2.00;69;15;23
1647;1;2.00;69;11;23
72;1;19.00;;6;24
73;1;18.00;;4;24
74;1;5.00;;25;24
1648;1;3.00;72;9;24
75;1;14.00;;1;25
76;2;19.50;;7;25
1649;1;3.00;75;14;25
1650;1;2.00;75;11;25
77;1;20.50;;8;26
78;2;17.00;;5;26
79;1;5.00;;25;26
80;1;4.00;;22;26
1651;1;3.00;78;9;26
81;2;20.00;;3;27
82;1;19.50;;7;27
83;1;4.00;;22;27
1652;1;2.50;82;18;27
1653;1;2.50;82;10;27
84;1;20.00;;3;28
85;2;18.00;;4;28
86;1;20.00;;3;29
87;1;20.50;;8;29
88;1;3.00;;21;29
89;1;4.50;;23;29
90;1;6.00;;27;29
1654;1;2.00;86;11;29
1655;1;2.00;86;19;29
1656;1;1.50;87;16;29
1657;1;3.00;87;9;29
91;1;18.00;;2;30
92;1;19.50;;7;30
93;1;3.00;;21;30
94;1;4.50;;23;30
95;1;5.50;;29;30
96;2;20.50;;8;31
97;2;19.00;;6;31
98;1;4.00;;22;31
99;1;4.00;;22;31
100;1;19.00;;6;32
101;2;14.00;;1;32
1658;1;2.50;100;12;32
1659;1;2.50;100;10;32
1660;1;2.50;101;10;32
1661;1;1.50;101;16;32
102;2;19.50;;7;33
103;1;20.00;;3;33
1662;1;1.50;102;16;33
1663;1;2.50;102;13;33
1664;1;2.00;103;11;33
104;1;19.50;;7;34
105;1;20.50;;8;34
106;1;17.00;;5;34
107;1;4.50;;26;34
108;1;6.00;;28;34
109;1;14.00;;1;35
110;1;18.00;;4;35
111;1;20.50;;8;35
112;1;4.50;;23;35
1665;1;2.50;111;10;35
113;1;18.00;;2;36
114;1;14.00;;1;36
115;1;4.00;;24;36
116;1;4.00;;22;36
1666;1;2.00;113;17;36
1667;1;3.00;113;14;36
1668;1;2.50;114;18;36
1669;1;2.50;114;18;36
117;2;17.00;;5;37
118;1;20.00;;3;37
119;1;4.00;;22;37
1670;1;3.50;118;20;37
1671;1;2.00;118;19;37
120;1;20.50;;8;38
121;1;20.00;;3;39
122;2;18.00;;2;39
123;1;5.00;;25;39
1672;1;2.50;121;12;39
1673;1;3.50;122;20;39
1674;1;2.50;122;12;39
124;2;19.00;;6;40
125;1;20.00;;3;40
126;1;4.00;;22;40
127;1;14.00;;1;41
128;2;19.50;;7;41
129;1;17.00;;5;42
130;1;18.00;;2;42
131;1;4.50;;23;42
1675;1;3.00;130;9;42
132;1;17.00;;5;43
133;1;18.00;;2;43
134;2;19.50;;7;43
135;1;4.00;;24;43
1676;1;2.50;132;18;43
1677;1;3.50;133;20;43
136;1;20.50;;8;44
137;1;4.50;;26;44
138;2;19.00;;6;45
139;1;20.50;;8;45
140;1;3.00;;21;45
141;1;4.50;;26;45
1678;1;2.00;138;15;45
1679;1;3.00;138;14;45
142;1;20.00;;3;46
143;1;18.00;;2;46
144;1;4.00;;22;46
145;1;20.00;;3;47
146;2;17.00;;5;47
147;1;18.00;;2;47
148;1;14.00;;1;48
149;1;4.50;;23;48
150;1;19.50;;7;49
151;2;19.00;;6;49
152;1;6.00;;28;49
1680;1;3.00;150;14;49
1681;1;2.50;150;12;49
153;1;17.00;;5;50
154;2;19.50;;7;50
155;1;4.00;;24;50
156;1;4.00;;24;50
157;1;5.50;;29;50
1682;1;2.00;153;19;50
158;1;17.00;;5;51
159;1;20.50;;8;51
160;1;19.50;;7;51
161;1;4.50;;23;51
162;1;5.00;;25;51
1683;1;1.50;160;16;51
163;1;18.00;;2;52
164;2;14.00;;1;52
165;1;17.00;;5;52
166;1;4.50;;23;52
1684;1;2.00;163;17;52
167;1;14.00;;1;53
168;2;20.50;;8;53
169;1;5.50;;29;53
1685;1;2.50;168;18;53
1686;1;2.50;168;13;53
170;2;20.00;;3;54
171;1;4.00;;22;54
172;1;5.00;;30;54
173;1;20.00;;3;55
174;1;19.00;;6;56
175;2;17.00;;5;56
176;1;4.50;;26;56
177;1;20.50;;8;57
178;2;20.00;;3;57
179;1;5.00;;25;57
1687;1;2.00;178;15;57
1688;1;2.50;178;12;57
180;2;14.00;;1;58
181;1;19.50;;7;58
1689;1;2.00;181;19;58
182;2;18.00;;2;59
183;1;4.50;;26;59
184;2;18.00;;4;60
185;1;18.00;;2;60
186;1;4.00;;24;60
187;1;6.00;;27;60
188;1;14.00;;1;61
189;1;17.00;;5;61
190;1;6.00;;28;61
191;1;19.50;;7;62
192;1;17.00;;5;62
193;1;18.00;;4;63
194;1;4.50;;26;63
195;1;6.00;;28;63
196;1;19.50;;7;64
197;1;19.00;;6;64
198;1;14.00;;1;65
199;1;19.00;;6;65
200;1;20.00;;3;65
201;1;4.50;;26;65
202;1;5.00;;25;65
203;2;14.00;;1;66
1690;1;2.50;203;12;66
1691;1;2.00;203;19;66
204;1;18.00;;2;67
205;2;20.50;;8;67
206;1;4.50;;23;67
207;1;5.00;;30;67
1692;1;2.00;205;17;67
1693;1;2.50;205;13;67
208;1;17.00;;5;68
209;1;4.50;;23;68
210;1;19.00;;6;69
211;1;4.00;;24;69
212;1;6.00;;28;69
1694;1;2.00;210;17;69
1695;1;2.00;210;19;69
213;1;17.00;;5;70
214;1;14.00;;1;70
215;1;20.50;;8;70
1696;1;1.50;213;16;70
1697;1;3.00;213;9;70
1698;1;2.00;215;11;70
216;1;18.00;;2;71
217;1;18.00;;2;72
218;1;17.00;;5;72
219;1;4.00;;24;72
220;2;19.00;;6;73
221;1;17.00;;5;73
222;1;6.00;;28;73
1699;1;2.00;221;15;73
1700;1;2.00;221;15;73
223;1;17.00;;5;74
224;1;19.00;;6;74
225;1;6.00;;28;74
226;1;19.00;;6;75
227;1;6.00;;28;75
228;1;20.50;;8;76
229;1;4.00;;24;76
1701;1;2.50;228;13;76
230;1;20.50;;8;77
231;1;5.50;;29;77
232;1;19.50;;7;78
233;1;20.00;;3;78
234;1;4.50;;26;78
235;1;5.00;;25;78
236;1;5.50;;29;78
1702;1;1.50;232;16;78
1703;1;1.50;232;16;78
237;1;14.00;;1;79
238;1;20.00;;3;80
239;1;4.50;;23;80
240;1;5.00;;25;80
241;1;6.00;;28;80
1704;1;2.00;238;11;80
1705;1;1.50;238;16;80
242;1;20.00;;3;81
243;1;19.00;;6;81
244;1;19.50;;7;81
1706;1;1.50;242;16;81
1707;1;3.00;243;9;81
245;1;20.00;;3;82
246;1;18.00;;4;82
247;1;4.50;;23;82
1708;1;2.00;245;17;82
248;1;19.00;;6;83
249;1;17.00;;5;83
250;1;20.50;;8;83
251;1;4.00;;24;83
252;1;6.00;;27;83
1709;1;1.50;249;16;83
253;1;17.00;;5;84
254;1;18.00;;2;84
255;1;20.50;;8;84
256;1;5.00;;30;84
1710;1;2.50;254;10;84
1711;1;2.50;254;12;84
257;1;18.00;;4;85
258;1;20.50;;8;85
259;1;3.00;;21;85
260;1;4.00;;22;85
1712;1;2.00;257;17;85
261;1;19.50;;7;86
262;1;4.00;;24;86
263;1;4.00;;24;86
1713;1;3.50;261;20;86
264;2;18.00;;4;87
265;1;19.50;;7;87
266;1;6.00;;27;87
1714;1;3.50;265;20;87
267;1;17.00;;5;88
268;1;19.50;;7;88
269;1;5.00;;25;88
270;1;5.00;;25;88
271;1;20.00;;3;89
272;1;20.00;;3;90
273;1;19.50;;7;91
274;1;18.00;;4;91
275;1;17.00;;5;91
276;1;6.00;;27;91
1715;1;2.00;273;11;91
277;1;14.00;;1;92
278;1;18.00;;2;92
279;2;20.50;;8;92
1716;1;2.00;278;17;92
280;1;18.00;;4;93
281;1;20.50;;8;93
282;1;4.50;;23;93
283;1;4.50;;23;93
284;1;20.50;;8;94
285;1;19.00;;6;95
286;2;18.00;;4;95
287;1;4.50;;26;95
288;1;4.50;;26;95
289;1;20.50;;8;96
290;1;4.00;;22;96
291;1;5.00;;25;96
1717;1;2.50;289;13;96
292;1;14.00;;1;97
1718;1;1.50;292;16;97
1719;1;2.50;292;18;97
293;1;19.00;;6;98
294;1;18.00;;4;98
295;1;4.00;;24;98
1720;1;3.00;294;14;98
1721;1;3.50;294;20;98
296;2;19.00;;6;99
297;1;20.00;;3;99
298;1;4.00;;24;99
299;1;6.00;;28;99
300;2;19.50;;7;100
301;2;18.00;;2;100
302;1;4.50;;26;100
303;1;20.00;;3;101
304;1;14.00;;1;101
305;1;18.00;;2;101
306;1;4.50;;26;101
1722;1;3.00;305;14;101
1723;1;3.00;305;9;101
307;1;20.50;;8;102
308;1;19.50;;7;102
1724;1;2.00;308;11;102
309;1;19.00;;6;103
310;1;20.50;;8;103
311;1;20.00;;3;103
312;2;20.00;;3;104
313;2;18.00;;4;104
314;1;4.50;;26;104
315;1;4.00;;24;104
1725;1;2.00;312;17;104
1726;1;3.00;312;9;104
1727;1;2.50;313;10;104
316;1;19.00;;6;105
317;1;17.00;;5;106
318;1;20.00;;3;106
319;1;5.00;;25;106
320;1;4.00;;22;106
1728;1;1.50;317;16;106
321;1;19.00;;6;107
322;1;18.00;;2;107
323;1;18.00;;4;107
324;1;4.50;;26;107
325;1;4.00;;22;107
326;2;19.50;;7;108
327;1;4.00;;24;108
328;1;5.00;;30;108
1729;1;2.50;326;13;108
329;2;14.00;;1;109
330;1;18.00;;2;109
331;1;4.50;;26;109
1730;1;3.00;329;14;109
332;1;18.00;;4;110
333;1;19.50;;7;110
334;1;4.00;;22;110
1731;1;2.50;332;10;110
335;2;17.00;;5;111
336;1;20.00;;3;111
337;1;4.50;;23;111
338;1;6.00;;27;111
339;1;18.00;;2;112
340;1;18.00;;4;112
341;1;3.00;;21;112
342;1;5.00;;30;112
1732;1;2.50;339;18;112
343;2;18.00;;2;113
344;1;4.50;;23;113
1733;1;1.50;343;16;113
1734;1;3.50;343;20;113
345;1;19.00;;6;114
346;1;20.50;;8;114
347;1;4.00;;24;114
348;1;5.50;;29;114
349;1;19.00;;6;115
350;1;19.50;;7;115
351;1;17.00;;5;115
352;1;5.00;;25;115
353;1;5.00;;30;115
354;2;20.50;;8;116
355;1;18.00;;2;116
356;1;4.50;;23;116
357;1;6.00;;28;116
358;1;19.50;;7;117
359;1;20.50;;8;117
360;1;4.00;;22;117
1735;1;3.50;359;20;117
361;1;20.00;;3;118
362;1;19.50;;7;119
363;1;17.00;;5;119
364;1;20.00;;3;119
365;1;20.50;;8;120
366;1;18.00;;4;120
1736;1;2.50;365;13;120
367;2;20.00;;3;121
368;1;5.00;;25;121
369;1;4.00;;22;121
370;1;5.50;;29;121
371;1;18.00;;2;122
372;1;17.00;;5;122
373;1;6.00;;27;122
1737;1;2.50;371;10;122
1738;1;3.00;371;9;122
1739;1;2.00;372;15;122
1740;1;2.50;372;10;122
374;1;14.00;;1;123
375;1;19.00;;6;123
376;2;19.50;;7;123
377;1;5.50;;29;123
378;2;20.00;;3;124
379;1;19.50;;7;124
380;1;4.50;;26;124
381;1;19.50;;7;125
382;2;20.00;;3;125
383;1;4.00;;22;125
384;1;5.50;;29;125
1741;1;2.50;381;13;125
1742;1;2.50;382;18;125
1743;1;2.00;382;11;125
385;2;17.00;;5;126
386;1;3.00;;21;126
387;1;20.00;;3;127
388;2;19.00;;6;127
389;1;5.00;;30;127
1744;1;2.50;387;13;127
1745;1;3.00;388;9;127
1746;1;1.50;388;16;127
390;1;19.50;;7;128
391;1;18.00;;2;128
392;1;3.00;;21;128
393;1;5.00;;30;128
394;1;20.00;;3;129
395;1;14.00;;1;129
1747;1;2.50;394;12;129
1748;1;2.00;394;17;129
1749;1;2.00;395;15;129
1750;1;3.00;395;9;129
396;1;18.00;;4;130
397;1;20.50;;8;130
398;1;4.00;;22;130
1751;1;2.50;396;18;130
1752;1;3.00;396;14;130
1753;1;2.50;397;18;130
399;1;18.00;;2;131
400;1;20.50;;8;131
401;1;17.00;;5;132
402;1;20.50;;8;132
1754;1;2.50;401;12;132
1755;1;2.00;402;11;132
1756;1;2.00;402;17;132
403;1;14.00;;1;133
404;1;20.00;;3;133
405;1;18.00;;4;133
406;1;4.00;;22;133
1757;1;1.50;404;16;133
407;1;14.00;;1;134
408;1;6.00;;28;134
409;1;18.00;;4;135
410;1;3.00;;21;135
411;1;4.50;;26;135
1758;1;2.50;409;13;135
1759;1;1.50;409;16;135
412;1;20.00;;3;136
413;2;18.00;;4;136
414;1;5.00;;30;136
415;1;18.00;;2;137
416;1;19.00;;6;137
1760;1;3.50;415;20;137
1761;1;2.00;415;17;137
1762;1;3.00;416;9;137
1763;1;2.00;416;11;137
417;1;17.00;;5;138
418;1;3.00;;21;138
1764;1;2.50;417;12;138
419;1;20.50;;8;139
420;2;18.00;;4;139
421;1;4.00;;22;139
422;1;6.00;;28;139
423;2;18.00;;2;140
424;1;18.00;;4;140
425;1;20.50;;8;140
426;1;5.00;;30;140
1765;1;1.50;423;16;140
1766;1;2.50;424;10;140
1767;1;2.50;425;10;140
1768;1;2.00;425;15;140
427;1;14.00;;1;141
428;1;20.50;;8;141
429;1;17.00;;5;141
430;1;5.50;;29;141
431;1;20.50;;8;142
432;1;18.00;;4;142
433;1;3.00;;21;142
1769;1;3.00;432;9;142
434;1;14.00;;1;143
435;1;19.00;;6;143
436;1;5.50;;29;143
1770;1;2.50;434;13;143
437;1;20.50;;8;144
438;1;18.00;;4;144
439;1;19.00;;6;145
440;2;19.50;;7;145
1771;1;3.00;440;14;145
441;1;19.50;;7;146
442;1;14.00;;1;146
443;1;18.00;;4;146
444;1;5.00;;25;146
445;1;5.50;;29;146
1772;1;2.50;441;12;146
1773;1;2.00;441;17;146
1774;1;2.50;442;12;146
446;1;14.00;;1;147
447;2;18.00;;4;147
1775;1;2.00;447;19;147
448;2;19.00;;6;148
449;2;18.00;;2;148
1776;1;1.50;448;16;148
1777;1;2.00;448;19;148
1778;1;2.50;449;10;148
1779;1;3.00;449;9;148
450;2;18.00;;4;149
451;1;18.00;;2;149
452;1;4.50;;26;149
453;1;5.00;;30;149
454;1;20.50;;8;150
1780;1;3.50;454;20;150
455;1;20.50;;8;151
456;2;18.00;;4;151
457;1;4.50;;23;151
1781;1;3.00;455;14;151
1782;1;2.00;455;15;151
458;1;18.00;;2;152
459;1;18.00;;4;152
460;1;18.00;;4;153
461;1;19.50;;7;153
462;1;19.00;;6;153
1783;1;3.50;462;20;153
463;1;19.50;;7;154
464;1;14.00;;1;154
465;1;3.00;;21;154
466;1;6.00;;28;154
467;1;17.00;;5;155
468;1;4.50;;23;155
469;1;5.50;;29;155
470;2;19.00;;6;156
471;1;17.00;;5;156
472;1;14.00;;1;156
1784;1;3.00;471;9;156
1785;1;2.50;471;12;156
473;2;19.50;;7;157
474;1;6.00;;27;157
475;1;19.50;;7;158
476;1;20.50;;8;158
477;1;18.00;;4;158
478;1;19.00;;6;159
479;1;14.00;;1;159
480;1;4.50;;23;159
1786;1;3.50;479;20;159
1787;1;2.50;479;10;159
481;1;17.00;;5;160
482;1;4.00;;24;160
483;1;5.00;;25;160
484;1;17.00;;5;161
485;1;4.00;;22;161
486;2;17.00;;5;162
487;2;20.00;;3;162
488;1;4.50;;23;162
1788;1;3.00;486;9;162
1789;1;3.50;486;20;162
1790;1;2.00;487;19;162
489;1;19.50;;7;163
490;1;4.50;;23;163
491;1;5.50;;29;163
1791;1;3.50;489;20;163
1792;1;2.00;489;19;163
492;1;19.50;;7;164
493;1;5.00;;30;164
1793;1;2.00;492;11;164
1794;1;2.00;492;17;164
494;1;19.50;;7;165
495;1;3.00;;21;165
496;1;4.50;;23;165
497;2;14.00;;1;166
498;1;19.50;;7;166
499;1;4.50;;23;166
500;1;6.00;;27;166
501;2;18.00;;2;167
502;1;4.50;;26;167
503;1;19.50;;7;168
504;1;19.00;;6;168
1795;1;2.50;504;13;168
505;2;20.50;;8;169
506;1;14.00;;1;169
507;1;14.00;;1;170
508;2;20.50;;8;170
1796;1;2.00;507;15;170
1797;1;2.50;507;18;170
509;1;19.00;;6;171
510;1;20.00;;3;171
511;1;4.50;;23;171
512;1;5.00;;30;171
513;1;18.00;;2;172
514;1;19.00;;6;172
515;1;3.00;;21;172
516;1;4.50;;26;172
517;2;14.00;;1;173
518;2;20.00;;3;173
519;1;3.00;;21;173
520;1;6.00;;28;173
1798;1;2.00;518;19;173
1799;1;2.00;518;17;173
521;1;14.00;;1;174
522;2;20.00;;3;174
523;1;20.50;;8;174
524;1;4.50;;26;174
1800;1;2.50;521;10;174
1801;1;2.00;523;15;174
525;2;14.00;;1;175
526;2;17.00;;5;175
527;1;4.00;;22;175
528;1;5.00;;30;175
1802;1;2.00;525;11;175
1803;1;2.00;525;15;175
1804;1;1.50;526;16;175
529;1;17.00;;5;176
530;1;20.50;;8;177
531;1;3.00;;21;177
532;1;5.00;;25;177
1805;1;3.00;530;14;177
1806;1;2.00;530;15;177
533;2;14.00;;1;178
534;2;18.00;;2;178
535;1;4.00;;22;178
1807;1;1.50;533;16;178
1808;1;2.00;533;11;178
536;2;20.00;;3;179
537;2;19.50;;7;179
538;1;4.50;;26;179
539;1;4.50;;23;179
540;1;6.00;;27;179
1809;1;2.50;537;18;179
1810;1;2.50;537;18;179
541;1;20.50;;8;180
542;1;14.00;;1;180
543;1;4.50;;23;180
544;1;6.00;;28;180
1811;1;2.00;541;11;180
1812;1;2.00;541;15;180
545;1;19.00;;6;181
546;1;18.00;;2;181
547;2;20.00;;3;181
548;1;5.00;;30;181
549;1;18.00;;4;182
550;1;4.00;;22;182
551;1;18.00;;2;183
552;1;18.00;;4;183
553;1;4.50;;26;183
554;1;3.00;;21;183
555;1;5.50;;29;183
1813;1;3.50;551;20;183
556;1;14.00;;1;184
557;1;19.50;;7;184
1814;1;2.00;556;17;184
1815;1;3.00;556;9;184
558;2;19.00;;6;185
559;1;14.00;;1;185
1816;1;3.00;558;14;185
560;1;18.00;;4;186
561;1;19.50;;7;186
562;1;5.00;;25;186
1817;1;2.50;560;13;186
1818;1;2.00;560;17;186
1819;1;3.00;561;14;186
563;2;18.00;;2;187
564;1;4.00;;22;187
565;1;6.00;;27;187
566;1;14.00;;1;188
567;1;20.00;;3;188
568;1;3.00;;21;188
569;1;6.00;;27;188
570;1;19.00;;6;189
571;1;18.00;;4;189
572;1;4.50;;23;189
573;1;4.00;;22;189
574;2;17.00;;5;190
575;1;4.50;;23;190
576;1;5.00;;25;190
577;1;5.50;;29;190
1820;1;2.00;574;11;190
578;1;20.00;;3;191
579;1;17.00;;5;191
580;1;4.50;;23;191
581;1;5.50;;29;191
582;1;20.50;;8;192
583;1;6.00;;27;192
1821;1;3.00;582;9;192
1822;1;2.00;582;11;192
584;2;17.00;;5;193
585;1;18.00;;2;193
586;1;4.00;;22;193
587;1;19.00;;6;194
588;1;20.00;;3;194
589;2;18.00;;4;194
590;1;4.00;;24;194
591;1;5.00;;25;194
1823;1;3.50;587;20;194
1824;1;2.00;587;15;194
1825;1;3.50;588;20;194
1826;1;2.00;588;15;194
592;2;20.00;;3;195
593;1;4.50;;23;195
594;1;20.50;;8;196
595;1;14.00;;1;196
596;1;6.00;;27;196
597;1;17.00;;5;197
598;1;19.00;;6;197
599;1;4.50;;23;197
600;1;4.00;;24;197
1827;1;2.50;598;13;197
601;1;17.00;;5;198
602;2;20.50;;8;198
603;1;4.50;;26;198
1828;1;2.00;601;19;198
1829;1;2.00;602;17;198
604;1;17.00;;5;199
605;1;20.00;;3;199
606;1;5.00;;25;199
1830;1;2.00;605;11;199
607;2;18.00;;2;200
608;1;4.00;;22;200
1831;1;1.50;607;16;200
609;2;18.00;;4;201
610;1;20.00;;3;201
611;1;4.00;;24;201
612;1;6.00;;27;201
1832;1;2.00;609;15;201
613;1;18.00;;4;202
614;1;4.50;;23;202
1833;1;3.00;613;9;202
1834;1;2.50;613;10;202
615;1;14.00;;1;203
616;2;17.00;;5;203
617;2;18.00;;2;203
618;1;19.50;;7;204
619;1;4.00;;22;204
620;1;4.00;;24;204
1835;1;3.00;618;14;204
621;1;20.50;;8;205
622;1;18.00;;2;205
1836;1;2.50;621;12;205
1837;1;2.50;621;10;205
623;1;20.00;;3;206
624;2;18.00;;4;206
625;1;6.00;;28;206
626;1;17.00;;5;207
627;1;19.50;;7;207
628;1;20.00;;3;208
629;1;14.00;;1;208
630;1;19.50;;7;208
631;1;5.00;;25;208
632;1;4.00;;24;208
1838;1;2.00;629;15;208
1839;1;2.50;630;18;208
1840;1;2.50;630;18;208
633;1;14.00;;1;209
634;1;4.00;;24;209
1841;1;2.50;633;10;209
1842;1;2.00;633;15;209
635;1;19.50;;7;210
636;1;18.00;;4;210
637;1;14.00;;1;210
638;1;4.50;;23;210
639;1;4.00;;24;210
640;1;19.00;;6;211
641;1;20.00;;3;211
642;1;20.50;;8;211
643;1;3.00;;21;211
1843;1;3.00;641;14;211
1844;1;3.00;641;14;211
1845;1;2.50;642;12;211
644;1;19.50;;7;212
645;1;4.00;;24;212
646;1;20.00;;3;213
1846;1;2.50;646;12;213
1847;1;1.50;646;16;213
647;1;18.00;;4;214
648;1;17.00;;5;215
649;1;4.00;;24;215
1848;1;2.50;648;12;215
1849;1;2.00;648;15;215
650;1;20.50;;8;216
651;1;20.00;;3;216
652;1;19.00;;6;216
653;1;4.00;;22;216
654;1;5.50;;29;216
655;1;18.00;;4;217
656;1;20.50;;8;217
657;1;4.00;;22;217
658;1;6.00;;28;217
1850;1;2.50;655;12;217
1851;1;2.00;656;17;217
1852;1;2.00;656;15;217
659;1;20.50;;8;218
1853;1;3.00;659;14;218
660;1;18.00;;2;219
661;1;17.00;;5;219
662;1;5.00;;25;219
663;1;3.00;;21;219
664;2;20.00;;3;220
665;1;14.00;;1;220
666;1;3.00;;21;220
1854;1;1.50;665;16;220
667;1;17.00;;5;221
668;2;14.00;;1;221
669;1;6.00;;28;221
670;1;20.50;;8;222
671;1;18.00;;4;222
672;1;14.00;;1;222
673;1;4.50;;23;222
1855;1;2.50;670;13;222
1856;1;2.50;670;10;222
674;1;19.00;;6;223
675;1;20.00;;3;224
676;1;4.50;;26;224
677;1;19.50;;7;225
678;1;4.50;;23;225
1857;1;3.50;677;20;225
1858;1;2.00;677;11;225
679;1;14.00;;1;226
680;2;17.00;;5;227
681;1;18.00;;2;227
1859;1;3.00;680;9;227
682;2;20.50;;8;228
683;1;18.00;;4;228
684;1;4.00;;24;228
685;1;6.00;;28;228
686;2;20.50;;8;229
687;1;14.00;;1;229
1860;1;3.50;686;20;229
1861;1;2.00;686;15;229
688;2;14.00;;1;230
689;1;4.50;;26;230
690;2;20.50;;8;231
691;1;18.00;;2;231
692;1;4.50;;23;231
1862;1;3.00;691;9;231
1863;1;2.00;691;11;231
693;1;20.00;;3;232
694;1;20.50;;8;232
695;1;20.50;;8;233
696;1;14.00;;1;233
697;1;18.00;;4;233
698;1;4.50;;23;233
699;1;4.00;;22;233
700;1;20.00;;3;234
701;1;18.00;;4;234
702;1;3.00;;21;234
1864;1;2.00;700;19;234
1865;1;2.50;700;10;234
1866;1;2.00;701;15;234
703;1;14.00;;1;235
704;1;4.50;;26;235
705;1;19.50;;7;236
706;1;14.00;;1;236
1867;1;2.50;705;10;236
1868;1;3.00;705;9;236
1869;1;2.50;706;13;236
1870;1;2.00;706;19;236
707;1;19.00;;6;237
708;1;4.00;;24;237
709;1;20.50;;8;238
710;2;19.00;;6;238
711;1;18.00;;4;239
712;1;17.00;;5;239
713;1;4.00;;24;239
714;1;5.50;;29;239
715;1;20.00;;3;240
716;1;19.50;;7;240
717;1;4.50;;23;240
1871;1;3.00;715;14;240
1872;1;2.50;715;18;240
718;2;19.50;;7;241
719;1;17.00;;5;241
720;1;4.50;;26;241
1873;1;2.00;718;11;241
721;2;17.00;;5;242
1874;1;2.50;721;10;242
722;1;18.00;;4;243
723;1;14.00;;1;243
1875;1;2.00;723;11;243
724;1;19.50;;7;244
725;1;18.00;;4;244
726;1;20.50;;8;244
1876;1;2.00;725;15;244
1877;1;1.50;725;16;244
727;1;19.50;;7;245
728;1;18.00;;4;245
729;2;14.00;;1;245
730;1;4.00;;22;245
731;1;5.00;;25;245
1878;1;1.50;729;16;245
732;1;19.50;;7;246
733;1;20.50;;8;247
734;1;14.00;;1;247
735;1;18.00;;4;247
736;1;5.00;;25;247
737;1;6.00;;27;247
1879;1;3.00;735;14;247
1880;1;2.00;735;19;247
738;2;19.00;;6;248
739;1;19.50;;7;248
740;1;4.00;;24;248
1881;1;3.50;739;20;248
741;1;14.00;;1;249
742;1;5.50;;29;249
1882;1;2.50;741;12;249
743;1;14.00;;1;250
744;1;18.00;;2;250
1883;1;3.00;744;14;250
1884;1;3.50;744;20;250
745;1;19.00;;6;251
746;1;14.00;;1;251
747;1;4.00;;24;251
748;1;17.00;;5;252
749;1;19.50;;7;253
750;1;18.00;;4;253
751;1;4.50;;26;253
752;1;17.00;;5;254
753;1;4.50;;26;254
754;1;6.00;;27;254
755;1;18.00;;2;255
756;1;3.00;;21;255
757;1;6.00;;27;255
758;1;18.00;;4;256
759;1;3.00;;21;256
1885;1;3.50;758;20;256
760;1;18.00;;2;257
761;2;14.00;;1;257
762;1;4.00;;24;257
1886;1;1.50;760;16;257
763;2;20.00;;3;258
764;1;4.50;;26;258
765;1;5.00;;30;258
1887;1;2.00;763;11;258
1888;1;3.50;763;20;258
766;2;14.00;;1;259
767;1;17.00;;5;259
768;1;3.00;;21;259
1889;1;2.50;766;13;259
1890;1;2.50;766;13;259
769;1;20.50;;8;260
770;1;17.00;;5;260
771;1;20.00;;3;260
772;1;19.50;;7;261
773;1;18.00;;4;261
1891;1;2.00;772;19;261
774;2;18.00;;2;262
775;1;5.00;;25;262
776;1;5.00;;25;262
777;1;5.00;;30;262
778;1;20.50;;8;263
779;1;14.00;;1;263
780;1;5.00;;25;263
1892;1;3.00;779;14;263
781;1;20.00;;3;264
782;2;14.00;;1;264
783;1;6.00;;27;264
1893;1;3.50;781;20;264
1894;1;2.00;782;11;264
1895;1;2.00;782;15;264
784;1;18.00;;2;265
785;1;3.00;;21;265
786;1;6.00;;27;265
1896;1;2.50;784;10;265
1897;1;1.50;784;16;265
787;1;18.00;;4;266
788;1;19.50;;7;266
1898;1;2.50;787;12;266
789;1;20.50;;8;267
790;1;20.00;;3;267
791;1;17.00;;5;267
792;1;5.00;;25;267
793;1;5.00;;25;267
794;1;6.00;;27;267
795;1;19.00;;6;268
796;1;20.50;;8;268
797;1;3.00;;21;268
1899;1;3.00;796;14;268
1900;1;2.50;796;12;268
798;1;19.50;;7;269
799;1;6.00;;27;269
800;1;14.00;;1;270
801;1;20.50;;8;270
1901;1;2.50;801;13;270
802;1;19.00;;6;271
803;1;14.00;;1;271
804;1;5.00;;25;271
1902;1;2.00;803;19;271
805;2;20.00;;3;272
806;1;19.00;;6;272
807;1;14.00;;1;272
1903;1;3.50;807;20;272
808;1;19.00;;6;273
809;2;18.00;;4;273
810;1;3.00;;21;273
811;1;18.00;;4;274
812;1;4.00;;22;274
813;1;4.50;;23;274
814;1;17.00;;5;275
815;2;18.00;;2;276
816;1;3.00;;21;276
1904;1;2.00;815;15;276
817;1;19.50;;7;277
818;1;18.00;;4;277
819;1;14.00;;1;277
820;1;5.00;;25;277
821;2;14.00;;1;278
822;2;17.00;;5;278
823;1;19.00;;6;278
824;1;6.00;;28;278
1905;1;1.50;823;16;278
1906;1;3.50;823;20;278
825;2;20.00;;3;279
1907;1;2.50;825;13;279
1908;1;3.00;825;14;279
826;1;18.00;;4;280
827;1;4.00;;22;280
828;1;4.50;;26;280
829;1;19.50;;7;281
830;1;4.00;;22;281
831;1;4.50;;26;281
832;1;6.00;;28;281
1909;1;1.50;829;16;281
833;2;14.00;;1;282
834;1;20.00;;3;282
835;2;20.50;;8;282
1910;1;2.00;833;11;282
1911;1;3.00;834;9;282
1912;1;3.00;834;9;282
1913;1;2.50;835;13;282
836;1;20.00;;3;283
837;1;18.00;;4;283
1914;1;2.50;837;12;283
1915;1;3.00;837;14;283
838;2;20.00;;3;284
839;1;19.50;;7;284
840;1;18.00;;2;284
841;1;4.50;;23;284
1916;1;3.00;838;14;284
1917;1;2.50;838;18;284
842;1;20.50;;8;285
843;1;19.50;;7;285
844;1;5.00;;25;285
1918;1;2.00;842;19;285
1919;1;2.00;842;17;285
845;1;18.00;;4;286
846;1;4.00;;24;286
1920;1;2.00;845;15;286
847;2;18.00;;4;287
848;1;17.00;;5;287
849;1;4.00;;24;287
850;1;18.00;;2;288
851;1;19.50;;7;288
852;1;4.50;;23;288
1921;1;2.50;850;10;288
853;1;17.00;;5;289
854;1;14.00;;1;289
855;1;4.00;;22;289
1922;1;2.00;853;15;289
1923;1;2.00;853;15;289
856;1;20.50;;8;290
1924;1;2.00;856;15;290
857;1;14.00;;1;291
858;1;4.00;;24;291
859;1;4.50;;26;291
860;1;20.00;;3;292
861;1;5.00;;25;292
862;1;20.50;;8;293
863;1;19.00;;6;293
864;1;4.00;;24;293
865;1;6.00;;28;293
1925;1;2.00;862;19;293
1926;1;3.00;863;9;293
1927;1;2.00;863;11;293
866;2;19.50;;7;294
867;2;18.00;;4;294
868;1;6.00;;28;294
1928;1;1.50;866;16;294
1929;1;3.50;866;20;294
869;1;20.50;;8;295
870;1;4.00;;22;295
1930;1;1.50;869;16;295
871;1;20.50;;8;296
872;1;20.00;;3;296
873;1;6.00;;28;296
874;1;14.00;;1;297
875;1;18.00;;2;297
876;1;5.00;;25;297
877;1;5.50;;29;297
1931;1;2.00;874;19;297
1932;1;2.50;874;10;297
878;1;20.50;;8;298
879;1;18.00;;4;298
880;1;20.00;;3;298
881;1;4.00;;22;298
1933;1;3.50;879;20;298
1934;1;1.50;880;16;298
1935;1;1.50;880;16;298
882;1;17.00;;5;299
883;1;14.00;;1;299
884;2;20.50;;8;299
1936;1;2.00;882;19;299
885;2;14.00;;1;300
886;1;3.00;;21;300
887;1;3.00;;21;300
1937;1;2.50;885;12;300
888;2;20.00;;3;301
889;1;19.00;;6;302
890;1;14.00;;1;302
891;1;18.00;;4;302
892;1;6.00;;28;302
1938;1;2.00;889;19;302
1939;1;2.50;889;18;302
1940;1;2.00;890;15;302
893;1;20.00;;3;303
894;1;14.00;;1;304
895;2;19.50;;7;305
896;1;18.00;;2;305
897;1;19.00;;6;305
898;1;5.00;;30;305
1941;1;3.00;897;14;305
1942;1;2.00;897;19;305
899;1;14.00;;1;306
900;1;19.00;;6;306
901;1;18.00;;2;306
902;1;6.00;;28;306
1943;1;2.50;901;10;306
903;1;18.00;;4;307
904;1;18.00;;2;307
905;1;4.50;;23;307
906;1;5.00;;30;307
1944;1;2.50;904;12;307
907;1;20.50;;8;308
908;1;18.00;;4;308
909;1;4.50;;23;308
910;1;5.00;;25;308
1945;1;3.00;908;9;308
1946;1;2.00;908;15;308
911;2;18.00;;2;309
912;2;20.00;;3;309
1947;1;2.00;912;17;309
913;1;18.00;;2;310
914;2;18.00;;4;310
915;1;4.50;;23;310
916;1;18.00;;4;311
917;1;18.00;;2;311
918;1;4.00;;22;311
919;1;5.00;;30;311
920;1;18.00;;2;312
921;1;19.00;;6;312
922;1;4.50;;26;312
1948;1;2.00;920;17;312
923;2;19.00;;6;313
924;1;19.50;;7;313
925;1;6.00;;27;313
1949;1;3.00;924;9;313
1950;1;2.00;924;11;313
926;1;20.50;;8;314
927;1;18.00;;2;314
928;2;17.00;;5;314
929;1;4.00;;24;314
1951;1;3.50;927;20;314
930;1;19.00;;6;315
931;1;14.00;;1;315
932;1;17.00;;5;315
933;1;3.00;;21;315
1952;1;3.00;931;9;315
1953;1;2.00;931;19;315
934;1;19.00;;6;316
935;1;20.50;;8;316
936;1;18.00;;2;317
937;1;19.50;;7;317
1954;1;2.50;937;18;317
1955;1;2.00;937;19;317
938;1;14.00;;1;318
939;1;19.50;;7;318
940;2;14.00;;1;319
941;1;5.00;;25;319
942;1;18.00;;2;320
943;1;14.00;;1;320
944;1;18.00;;4;320
1956;1;2.00;942;15;320
1957;1;2.50;942;13;320
1958;1;2.00;943;19;320
1959;1;2.50;943;10;320
945;1;19.50;;7;321
946;1;18.00;;2;322
1960;1;2.00;946;15;322
1961;1;2.50;946;18;322
947;1;20.00;;3;323
948;2;17.00;;5;323
949;1;6.00;;28;323
1962;1;3.00;948;14;323
1963;1;2.00;948;11;323
950;1;17.00;;5;324
951;1;5.00;;25;324
952;1;18.00;;4;325
953;1;19.00;;6;325
954;1;6.00;;28;325
955;1;18.00;;4;326
956;1;19.00;;6;326
957;1;17.00;;5;326
958;1;4.00;;22;326
959;1;6.00;;28;326
1964;1;3.50;955;20;326
960;1;19.50;;7;327
961;2;19.00;;6;327
962;1;5.00;;25;327
963;1;4.50;;26;327
964;1;20.00;;3;328
965;1;19.00;;6;328
966;1;4.50;;26;328
967;1;18.00;;4;329
968;1;14.00;;1;329
969;1;4.00;;24;329
970;1;20.00;;3;330
971;1;5.00;;25;330
972;1;18.00;;2;331
973;2;20.50;;8;331
974;1;5.00;;25;331
975;1;4.00;;22;331
976;1;14.00;;1;332
977;1;18.00;;2;332
978;1;18.00;;2;333
979;1;4.00;;22;333
1965;1;2.50;978;12;333
980;1;20.00;;3;334
981;1;18.00;;4;334
982;1;4.50;;26;334
983;1;4.50;;26;334
984;1;6.00;;28;334
985;2;18.00;;2;335
986;2;17.00;;5;335
987;1;4.50;;23;335
988;1;6.00;;28;335
989;1;17.00;;5;336
990;1;20.50;;8;336
991;1;19.50;;7;337
992;2;18.00;;4;337
1966;1;2.00;991;19;337
1967;1;3.00;992;9;337
1968;1;3.50;992;20;337
993;1;17.00;;5;338
994;2;18.00;;4;339
995;1;14.00;;1;339
996;1;5.00;;30;339
1969;1;2.00;994;17;339
1970;1;1.50;994;16;339
1971;1;2.00;995;19;339
1972;1;2.00;995;17;339
997;1;18.00;;4;340
998;2;19.00;;6;341
999;1;19.50;;7;341
1000;1;6.00;;27;341
1973;1;2.00;998;15;341
1974;1;3.00;999;14;341
1001;1;14.00;;1;342
1002;1;6.00;;27;342
1003;1;20.50;;8;343
1004;1;18.00;;2;343
1005;2;14.00;;1;343
1006;1;4.50;;23;343
1007;1;5.00;;30;343
1008;2;18.00;;4;344
1009;1;14.00;;1;344
1975;1;2.00;1008;15;344
1976;1;3.50;1008;20;344
1977;1;1.50;1009;16;344
1010;1;19.50;;7;345
1011;1;17.00;;5;345
1012;1;3.00;;21;345
1978;1;3.00;1011;9;345
1013;1;20.00;;3;346
1014;1;19.00;;6;346
1979;1;2.50;1013;13;346
1980;1;2.50;1014;12;346
1981;1;1.50;1014;16;346
1015;1;18.00;;2;347
1016;1;20.50;;8;347
1017;1;4.00;;24;347
1018;1;5.00;;25;347
1982;1;2.00;1015;11;347
1019;1;18.00;;2;348
1020;1;20.00;;3;348
1021;1;19.50;;7;348
1022;1;6.00;;28;348
1983;1;2.50;1019;12;348
1984;1;3.00;1019;14;348
1985;1;3.00;1020;9;348
1986;1;1.50;1021;16;348
1987;1;2.50;1021;13;348
1023;1;20.00;;3;349
1024;1;20.50;;8;349
1025;1;5.50;;29;349
1026;1;18.00;;4;350
1027;2;18.00;;2;350
1028;1;4.00;;22;350
1029;1;19.00;;6;351
1030;1;17.00;;5;352
1031;1;14.00;;1;352
1032;1;3.00;;21;352
1033;1;5.00;;30;352
1988;1;3.50;1030;20;352
1034;1;20.50;;8;353
1035;1;17.00;;5;353
1036;2;19.00;;6;353
1037;1;4.50;;23;353
1038;1;4.00;;22;353
1039;1;6.00;;27;353
1989;1;2.50;1034;13;353
1990;1;2.50;1036;13;353
1040;1;19.00;;6;354
1041;1;6.00;;28;354
1042;1;17.00;;5;355
1043;1;18.00;;2;355
1044;1;5.00;;30;355
1991;1;3.50;1042;20;355
1992;1;2.00;1043;19;355
1993;1;2.00;1043;19;355
1045;1;19.00;;6;356
1046;2;18.00;;2;356
1047;1;4.50;;26;356
1048;1;5.50;;29;356
1994;1;1.50;1045;16;356
1049;1;19.50;;7;357
1050;2;14.00;;1;357
1995;1;2.50;1049;18;357
1996;1;3.00;1050;9;357
1051;2;14.00;;1;358
1052;1;19.50;;7;358
1053;1;5.00;;25;358
1054;2;18.00;;2;359
1997;1;2.50;1054;10;359
1998;1;2.00;1054;17;359
1055;1;19.50;;7;360
1056;2;19.00;;6;360
1057;1;4.50;;23;360
1058;1;5.50;;29;360
1999;1;2.50;1056;12;360
1059;1;20.00;;3;361
1060;1;19.00;;6;361
1061;1;4.50;;23;361
1062;2;20.50;;8;362
1063;1;19.50;;7;362
1064;1;5.00;;30;362
2000;1;3.00;1063;14;362
1065;1;18.00;;4;363
1066;1;20.50;;8;363
1067;1;14.00;;1;364
1068;1;20.00;;3;364
1069;1;17.00;;5;364
1070;1;4.00;;24;364
1071;1;6.00;;28;364
2001;1;3.00;1067;9;364
2002;1;2.50;1068;13;364
1072;2;18.00;;2;365
1073;1;19.00;;6;365
1074;1;17.00;;5;365
1075;1;5.00;;25;365
1076;1;4.50;;26;365
2003;1;2.00;1073;11;365
2004;1;2.50;1073;10;365
2005;1;2.00;1074;11;365
2006;1;2.00;1074;11;365
1077;1;20.00;;3;366
1078;1;5.00;;25;366
2007;1;2.00;1077;19;366
2008;1;1.50;1077;16;366
1079;1;18.00;;4;367
1080;1;20.50;;8;367
1081;1;4.00;;24;367
2009;1;3.50;1079;20;367
1082;1;18.00;;2;368
1083;2;14.00;;1;368
1084;1;20.00;;3;368
1085;1;4.00;;22;368
1086;1;6.00;;27;368
2010;1;2.50;1083;10;368
2011;1;2.50;1084;12;368
2012;1;2.00;1084;17;368
1087;1;17.00;;5;369
1088;1;18.00;;4;369
1089;1;4.50;;26;369
2013;1;3.50;1087;20;369
2014;1;3.00;1087;14;369
1090;2;17.00;;5;370
1091;1;18.00;;2;370
2015;1;2.50;1091;12;370
1092;1;19.00;;6;371
2016;1;3.00;1092;14;371
2017;1;2.50;1092;18;371
1093;2;20.50;;8;372
1094;1;4.00;;22;372
2018;1;2.00;1093;17;372
2019;1;2.50;1093;10;372
1095;1;20.50;;8;373
1096;1;3.00;;21;373
1097;1;19.00;;6;374
1098;1;17.00;;5;374
1099;1;4.50;;26;374
1100;1;3.00;;21;374
1101;1;19.50;;7;375
1102;2;18.00;;2;375
1103;1;17.00;;5;375
1104;1;4.50;;26;375
1105;1;3.00;;21;375
2020;1;1.50;1101;16;375
2021;1;2.00;1101;19;375
1106;1;18.00;;2;376
1107;1;20.00;;3;376
1108;1;4.00;;24;376
1109;1;5.50;;29;376
2022;1;3.00;1107;14;376
1110;1;17.00;;5;377
1111;1;4.50;;26;377
1112;1;4.00;;24;377
2023;1;2.50;1110;10;377
1113;2;17.00;;5;378
1114;1;4.50;;26;378
2024;1;1.50;1113;16;378
2025;1;1.50;1113;16;378
1115;1;20.00;;3;379
1116;1;20.50;;8;379
1117;1;19.00;;6;379
1118;1;5.00;;30;379
2026;1;2.00;1117;11;379
2027;1;1.50;1117;16;379
1119;2;18.00;;2;380
1120;1;4.00;;22;380
1121;1;18.00;;2;381
1122;1;19.00;;6;381
1123;1;4.00;;24;381
1124;1;4.50;;23;381
1125;1;6.00;;28;381
2028;1;2.00;1122;17;381
2029;1;3.00;1122;14;381
1126;1;18.00;;2;382
1127;1;5.00;;25;382
1128;2;20.50;;8;383
1129;1;17.00;;5;383
1130;1;18.00;;4;383
1131;1;4.00;;22;383
2030;1;2.00;1129;15;383
2031;1;2.00;1129;19;383
1132;2;19.50;;7;384
1133;1;14.00;;1;384
1134;1;20.50;;8;384
1135;1;5.00;;30;384
2032;1;2.50;1134;18;384
1136;1;20.00;;3;385
1137;2;18.00;;4;385
1138;1;5.50;;29;385
2033;1;2.00;1137;19;385
2034;1;2.50;1137;13;385
1139;1;18.00;;2;386
1140;2;17.00;;5;386
1141;1;19.50;;7;387
1142;1;4.50;;26;387
1143;1;6.00;;27;387
1144;1;20.50;;8;388
1145;1;19.50;;7;388
1146;1;4.50;;26;388
1147;1;3.00;;21;388
1148;1;5.00;;30;388
1149;1;14.00;;1;389
1150;1;20.50;;8;389
1151;2;20.00;;3;389
1152;1;6.00;;27;389
1153;1;20.50;;8;390
1154;1;18.00;;2;390
2035;1;1.50;1153;16;390
2036;1;3.50;1153;20;390
1155;1;17.00;;5;391
1156;1;18.00;;2;391
1157;1;4.50;;23;391
1158;1;17.00;;5;392
1159;1;4.00;;24;392
2037;1;2.00;1158;15;392
2038;1;3.00;1158;9;392
1160;1;19.00;;6;393
1161;2;18.00;;2;393
1162;1;18.00;;4;393
2039;1;2.00;1160;17;393
2040;1;2.00;1161;17;393
1163;1;20.50;;8;394
1164;2;18.00;;4;394
1165;1;14.00;;1;394
2041;1;2.50;1164;18;394
2042;1;2.00;1164;15;394
2043;1;2.00;1165;19;394
1166;1;14.00;;1;395
1167;1;5.50;;29;395
2044;1;2.50;1166;10;395
2045;1;2.00;1166;15;395
1168;1;18.00;;2;396
1169;1;3.00;;21;396
1170;1;4.00;;22;396
1171;1;5.50;;29;396
1172;1;14.00;;1;397
1173;1;3.00;;21;397
1174;1;5.00;;30;397
1175;1;19.50;;7;398
1176;1;19.00;;6;398
1177;1;4.00;;24;398
1178;1;5.50;;29;398
2046;1;2.50;1175;18;398
1179;1;18.00;;4;399
1180;1;4.00;;24;399
1181;1;4.00;;22;399
2047;1;3.00;1179;9;399
2048;1;2.50;1179;12;399
1182;1;20.50;;8;400
1183;1;4.50;;23;400
1184;1;4.00;;24;400
1185;1;18.00;;2;401
1186;2;20.50;;8;401
1187;1;5.00;;25;401
2049;1;2.50;1185;12;401
1188;1;19.00;;6;402
1189;1;14.00;;1;402
1190;1;4.00;;22;402
1191;1;5.00;;25;402
1192;1;5.00;;30;402
2050;1;2.00;1188;19;402
1193;1;18.00;;2;403
1194;1;17.00;;5;403
1195;1;14.00;;1;403
1196;1;4.50;;26;403
1197;1;4.50;;23;403
2051;1;1.50;1195;16;403
2052;1;2.50;1195;12;403
1198;1;20.00;;3;404
1199;1;6.00;;27;404
2053;1;3.00;1198;14;404
1200;1;19.00;;6;405
1201;1;18.00;;4;405
1202;1;6.00;;28;405
2054;1;2.50;1201;18;405
1203;1;20.50;;8;406
1204;1;14.00;;1;406
1205;1;4.50;;26;406
1206;1;5.00;;25;406
2055;1;2.00;1203;17;406
2056;1;2.00;1203;19;406
1207;1;19.50;;7;407
1208;1;20.00;;3;407
1209;1;18.00;;2;407
1210;1;5.00;;25;407
1211;1;5.50;;29;407
2057;1;2.00;1207;19;407
2058;1;2.50;1207;10;407
1212;1;19.00;;6;408
1213;1;19.50;;7;408
1214;1;6.00;;27;408
1215;2;17.00;;5;409
1216;1;14.00;;1;409
1217;2;18.00;;4;409
2059;1;3.00;1215;9;409
2060;1;2.00;1216;19;409
2061;1;3.00;1216;9;409
2062;1;2.00;1217;17;409
2063;1;2.00;1217;19;409
1218;1;18.00;;4;410
1219;1;19.50;;7;410
1220;1;4.50;;23;410
2064;1;2.50;1218;10;410
2065;1;2.50;1218;13;410
1221;1;20.00;;3;411
1222;2;18.00;;4;411
1223;2;14.00;;1;412
1224;1;19.50;;7;412
1225;2;18.00;;4;412
1226;1;5.00;;25;412
2066;1;2.50;1223;12;412
2067;1;2.50;1223;18;412
2068;1;3.00;1224;9;412
2069;1;2.00;1224;15;412
1227;1;20.50;;8;413
1228;1;19.00;;6;413
2070;1;3.50;1227;20;413
2071;1;2.00;1228;11;413
2072;1;2.50;1228;12;413
1229;1;18.00;;2;414
1230;1;20.50;;8;414
1231;1;4.00;;24;414
1232;1;4.00;;24;414
1233;2;20.00;;3;415
1234;1;19.00;;6;415
1235;1;4.50;;23;415
2073;1;2.00;1233;11;415
1236;1;14.00;;1;416
1237;2;20.00;;3;416
2074;1;3.00;1237;9;416
2075;1;3.00;1237;14;416
1238;2;18.00;;2;417
1239;1;5.50;;29;417
2076;1;1.50;1238;16;417
2077;1;3.50;1238;20;417
1240;2;17.00;;5;418
1241;1;6.00;;27;418
2078;1;2.50;1240;18;418
2079;1;2.50;1240;18;418
1242;2;18.00;;4;419
1243;1;14.00;;1;420
2080;1;2.00;1243;15;420
2081;1;2.00;1243;11;420
1244;2;18.00;;4;421
1245;1;3.00;;21;421
1246;1;4.50;;23;421
2082;1;2.50;1244;12;421
1247;2;20.50;;8;422
1248;1;4.00;;22;422
2083;1;2.00;1247;17;422
2084;1;3.00;1247;14;422
1249;1;20.50;;8;423
1250;1;18.00;;2;423
1251;1;14.00;;1;423
2085;1;2.50;1249;13;423
2086;1;2.50;1250;10;423
2087;1;2.00;1250;11;423
2088;1;2.00;1251;17;423
1252;2;14.00;;1;424
1253;1;3.00;;21;424
1254;1;5.50;;29;424
1255;1;18.00;;2;425
1256;2;18.00;;4;425
1257;1;6.00;;27;425
1258;1;14.00;;1;426
1259;1;20.50;;8;426
1260;1;18.00;;2;427
1261;2;14.00;;1;428
1262;1;19.50;;7;428
1263;1;4.50;;23;428
1264;1;5.00;;25;428
2089;1;1.50;1262;16;428
1265;1;18.00;;4;429
1266;1;20.50;;8;429
1267;1;4.50;;23;429
1268;1;19.00;;6;430
1269;2;18.00;;4;430
1270;1;20.50;;8;430
1271;1;3.00;;21;430
1272;1;17.00;;5;431
1273;1;20.00;;3;431
1274;1;4.00;;24;431
2090;1;3.00;1272;9;431
1275;1;19.00;;6;432
1276;1;17.00;;5;433
1277;1;19.50;;7;433
1278;1;5.00;;30;433
1279;1;18.00;;2;434
1280;1;3.00;;21;434
1281;2;17.00;;5;435
1282;1;19.50;;7;435
1283;2;17.00;;5;436
1284;2;20.00;;3;436
1285;2;18.00;;4;436
2091;1;2.00;1285;11;436
1286;1;14.00;;1;437
1287;1;5.00;;25;437
1288;1;6.00;;27;437
1289;1;19.50;;7;438
1290;2;14.00;;1;438
2092;1;3.00;1290;14;438
2093;1;2.00;1290;15;438
1291;2;14.00;;1;439
2094;1;2.00;1291;17;439
2095;1;3.50;1291;20;439
1292;1;18.00;;2;440
1293;1;14.00;;1;440
1294;1;19.00;;6;441
1295;1;4.00;;22;441
1296;1;4.50;;23;441
1297;1;5.50;;29;441
1298;1;20.50;;8;442
1299;1;17.00;;5;442
1300;1;19.00;;6;443
1301;2;14.00;;1;443
1302;1;19.50;;7;443
1303;1;4.50;;23;443
1304;1;5.00;;25;443
2096;1;1.50;1302;16;443
1305;2;19.50;;7;444
1306;1;18.00;;4;444
1307;1;20.00;;3;444
2097;1;3.00;1306;14;444
2098;1;2.50;1306;18;444
2099;1;2.50;1307;10;444
1308;2;18.00;;2;445
1309;1;4.00;;22;445
2100;1;2.00;1308;19;445
2101;1;2.00;1308;19;445
1310;1;19.50;;7;446
1311;2;20.00;;3;446
2102;1;2.00;1310;11;446
1312;1;20.50;;8;447
1313;1;18.00;;4;447
1314;2;18.00;;2;447
1315;1;5.00;;25;447
1316;1;5.00;;25;447
2103;1;2.50;1312;18;447
2104;1;2.50;1312;10;447
2105;1;3.00;1314;9;447
1317;1;20.50;;8;448
1318;1;4.50;;26;448
1319;1;3.00;;21;448
1320;1;18.00;;2;449
1321;1;19.00;;6;449
1322;1;5.00;;25;449
1323;1;14.00;;1;450
1324;1;4.00;;22;450
1325;1;18.00;;4;451
1326;1;14.00;;1;451
1327;1;5.00;;25;451
1328;1;17.00;;5;452
1329;1;20.50;;8;453
1330;2;20.00;;3;453
1331;1;14.00;;1;454
1332;1;20.50;;8;455
1333;1;19.00;;6;455
1334;1;18.00;;2;455
1335;1;5.00;;25;455
2106;1;2.00;1334;19;455
1336;1;14.00;;1;456
1337;1;17.00;;5;456
1338;1;4.50;;23;456
1339;1;18.00;;2;457
1340;2;17.00;;5;457
1341;1;5.50;;29;457
2107;1;2.00;1340;19;457
1342;2;18.00;;2;458
1343;1;14.00;;1;458
1344;1;5.00;;25;458
1345;1;18.00;;4;459
1346;1;14.00;;1;459
1347;1;20.00;;3;459
1348;1;4.50;;26;459
1349;1;5.00;;25;459
1350;1;18.00;;4;460
1351;2;17.00;;5;460
1352;1;14.00;;1;460
2108;1;1.50;1350;16;460
2109;1;2.50;1350;18;460
2110;1;2.00;1351;19;460
2111;1;2.50;1352;12;460
1353;1;14.00;;1;461
1354;1;5.00;;30;461
2112;1;3.50;1353;20;461
2113;1;3.00;1353;14;461
1355;1;20.50;;8;462
1356;1;17.00;;5;462
1357;1;4.00;;22;462
1358;1;3.00;;21;462
1359;1;6.00;;27;462
1360;1;20.50;;8;463
1361;1;18.00;;2;463
2114;1;2.50;1361;13;463
2115;1;3.50;1361;20;463
1362;1;19.00;;6;464
1363;1;17.00;;5;464
1364;1;3.00;;21;464
2116;1;2.00;1363;11;464
1365;2;19.00;;6;465
1366;1;4.50;;26;465
1367;1;5.00;;25;465
1368;1;17.00;;5;466
1369;1;18.00;;2;467
1370;1;20.50;;8;467
1371;1;17.00;;5;467
1372;1;4.00;;22;467
1373;1;3.00;;21;467
2117;1;2.50;1371;12;467
2118;1;2.00;1371;11;467
1374;1;20.50;;8;468
1375;1;18.00;;4;468
1376;1;4.50;;23;468
2119;1;2.50;1374;12;468
2120;1;3.50;1375;20;468
2121;1;1.50;1375;16;468
1377;2;17.00;;5;469
1378;1;19.00;;6;469
1379;1;5.00;;25;469
2122;1;1.50;1378;16;469
2123;1;2.00;1378;19;469
1380;2;19.00;;6;470
1381;1;17.00;;5;470
1382;1;17.00;;5;471
1383;1;20.00;;3;471
1384;1;19.00;;6;472
1385;2;14.00;;1;472
1386;2;17.00;;5;472
2124;1;2.00;1384;11;472
1387;1;20.00;;3;473
1388;1;20.00;;3;474
1389;1;19.00;;6;474
1390;1;3.00;;21;474
2125;1;2.50;1388;13;474
1391;2;20.00;;3;475
1392;1;19.00;;6;475
2126;1;2.00;1391;11;475
2127;1;1.50;1392;16;475
2128;1;2.50;1392;10;475
1393;1;17.00;;5;476
1394;1;18.00;;2;476
1395;1;4.50;;23;476
1396;1;4.50;;23;476
1397;1;14.00;;1;477
1398;1;4.50;;26;477
1399;1;18.00;;4;478
1400;1;20.00;;3;478
1401;1;4.00;;24;478
2129;1;2.00;1399;17;478
2130;1;1.50;1400;16;478
1402;1;19.00;;6;479
1403;1;20.00;;3;479
2131;1;2.50;1402;13;479
2132;1;2.00;1402;11;479
2133;1;1.50;1403;16;479
1404;1;14.00;;1;480
1405;1;18.00;;2;480
1406;1;20.00;;3;481
1407;2;18.00;;2;481
1408;1;3.00;;21;481
1409;1;4.50;;26;481
1410;1;6.00;;28;481
2134;1;3.00;1407;14;481
1411;2;19.00;;6;482
1412;1;4.00;;22;482
2135;1;1.50;1411;16;482
1413;1;20.00;;3;483
1414;1;18.00;;4;483
1415;1;3.00;;21;483
1416;1;19.00;;6;484
1417;1;3.00;;21;484
1418;1;5.00;;30;484
2136;1;2.50;1416;10;484
2137;1;2.00;1416;19;484
1419;1;14.00;;1;485
1420;2;20.00;;3;485
1421;1;20.00;;3;486
1422;2;17.00;;5;486
1423;1;19.00;;6;487
1424;1;19.50;;7;487
1425;1;4.50;;26;487
2138;1;2.00;1423;15;487
2139;1;2.00;1424;11;487
1426;1;19.00;;6;488
1427;1;20.00;;3;488
1428;1;4.50;;23;488
1429;1;4.50;;23;488
2140;1;2.00;1427;11;488
2141;1;2.50;1427;13;488
1430;2;20.00;;3;489
1431;1;19.00;;6;489
1432;1;4.50;;26;489
2142;1;3.50;1431;20;489
2143;1;2.50;1431;18;489
1433;1;18.00;;2;490
1434;1;20.00;;3;490
1435;1;5.00;;30;490
2144;1;3.50;1434;20;490
2145;1;2.00;1434;19;490
1436;1;19.00;;6;491
1437;1;17.00;;5;491
1438;1;6.00;;27;491
1439;1;20.00;;3;492
1440;1;20.50;;8;492
1441;1;3.00;;21;492
2146;1;2.50;1440;12;492
1442;1;14.00;;1;493
1443;1;20.00;;3;493
1444;1;4.00;;24;493
1445;1;4.50;;23;493
2147;1;2.00;1442;11;493
2148;1;1.50;1442;16;493
1446;1;19.00;;6;494
1447;1;18.00;;4;494
1448;1;5.50;;29;494
2149;1;2.50;1446;18;494
1449;1;18.00;;2;495
1450;1;14.00;;1;495
2150;1;2.50;1449;18;495
1451;2;19.00;;6;496
1452;1;20.50;;8;496
1453;1;4.00;;24;496
1454;1;5.00;;30;496
1455;1;20.00;;3;497
1456;1;4.00;;22;497
1457;1;4.00;;22;497
2151;1;2.00;1455;15;497
2152;1;2.00;1455;15;497
1458;2;20.50;;8;498
1459;1;19.00;;6;498
1460;1;4.00;;22;498
1461;1;6.00;;28;498
2153;1;2.00;1458;17;498
2154;1;2.00;1458;17;498
1462;1;20.00;;3;499
1463;1;18.00;;4;499
1464;1;17.00;;5;499
2155;1;3.00;1464;9;499
1465;1;18.00;;2;500
1466;2;19.00;;6;500
1467;1;17.00;;5;500
1468;1;5.00;;25;500
2156;1;3.50;1467;20;500
2157;1;3.00;1467;9;500
1469;2;19.50;;7;501
1470;2;19.00;;6;501
1471;2;20.00;;3;501
1472;1;4.50;;23;501
1473;1;4.50;;23;501
1474;1;5.00;;30;501
2158;1;2.50;1469;12;501
2159;1;2.50;1469;13;501
1475;1;19.00;;6;502
1476;1;17.00;;5;502
1477;1;20.00;;3;502
2160;1;2.50;1475;18;502
2161;1;2.00;1477;11;502
1478;1;19.50;;7;503
1479;1;20.50;;8;504
1480;1;18.00;;2;504
1481;1;18.00;;4;504
1482;1;4.00;;24;504
1483;1;4.00;;24;504
2162;1;3.00;1479;14;504
2163;1;2.50;1480;13;504
1484;2;18.00;;4;505
1485;1;20.00;;3;505
1486;1;19.00;;6;505
1487;1;18.00;;4;506
1488;1;4.50;;23;506
1489;1;18.00;;4;507
1490;1;18.00;;2;507
1491;1;5.00;;30;507
2164;1;3.00;1490;14;507
1492;1;18.00;;2;508
1493;2;19.00;;6;508
1494;1;17.00;;5;509
1495;1;19.00;;6;509
1496;1;4.00;;22;509
2165;1;2.00;1495;19;509
2166;1;1.50;1495;16;509
1497;1;18.00;;2;510
1498;1;20.50;;8;511
1499;1;14.00;;1;511
1500;1;4.00;;24;511
1501;1;4.00;;22;511
1502;1;17.00;;5;512
1503;1;4.50;;26;512
2167;1;3.00;1502;14;512
2168;1;2.00;1502;11;512
1504;1;20.50;;8;513
1505;1;19.50;;7;513
1506;1;3.00;;21;513
1507;2;17.00;;5;514
2169;1;3.50;1507;20;514
2170;1;1.50;1507;16;514
1508;2;18.00;;2;515
1509;1;4.50;;26;515
1510;1;3.00;;21;515
2171;1;1.50;1508;16;515
2172;1;2.50;1508;13;515
1511;1;20.50;;8;516
1512;1;18.00;;2;516
1513;1;19.00;;6;517
1514;1;20.00;;3;517
1515;2;18.00;;2;517
2173;1;2.00;1515;15;517
2174;1;2.00;1515;15;517
1516;1;20.50;;8;518
1517;1;5.00;;25;518
1518;1;3.00;;21;518
2175;1;3.50;1516;20;518
1519;1;20.50;;8;519
1520;1;19.00;;6;519
1521;1;18.00;;2;519
1522;1;5.00;;25;519
1523;1;4.00;;24;519
1524;1;6.00;;28;519
2176;1;1.50;1519;16;519
2177;1;2.00;1519;17;519
1525;1;19.00;;6;520
1526;1;4.00;;22;520
1527;1;4.00;;22;520
1528;1;19.00;;6;521
1529;1;18.00;;2;521
1530;1;20.50;;8;521
1531;1;3.00;;21;521
2178;1;2.50;1528;13;521
2179;1;2.50;1528;12;521
2180;1;3.00;1529;9;521
2181;1;2.00;1529;11;521
1532;1;18.00;;2;522
1533;1;14.00;;1;522
1534;1;4.00;;24;522
1535;1;4.50;;26;522
1536;2;18.00;;2;523
1537;1;18.00;;4;523
2182;1;2.00;1536;15;523
2183;1;2.50;1536;10;523
1538;1;17.00;;5;524
1539;2;19.00;;6;524
2184;1;2.50;1538;12;524
2185;1;2.00;1539;11;524
1540;1;20.00;;3;525
1541;1;18.00;;2;525
1542;2;17.00;;5;525
1543;1;5.50;;29;525
2186;1;2.00;1541;11;525
2187;1;2.00;1542;19;525
2188;1;3.00;1542;14;525
1544;2;20.00;;3;526
1545;1;18.00;;2;526
2189;1;2.50;1544;10;526
2190;1;1.50;1545;16;526
2191;1;2.00;1545;15;526
1546;1;18.00;;2;527
1547;1;18.00;;4;527
1548;1;3.00;;21;527
1549;1;4.50;;26;527
2192;1;2.00;1547;11;527
1550;1;20.50;;8;528
1551;1;19.00;;6;528
1552;1;5.00;;25;528
2193;1;3.00;1551;14;528
1553;1;20.00;;3;529
1554;1;19.00;;6;529
1555;1;14.00;;1;529
2194;1;3.00;1553;14;529
2195;1;3.00;1553;9;529
1556;1;19.00;;6;530
1557;1;4.00;;24;530
1558;2;14.00;;1;531
1559;1;17.00;;5;531
1560;1;3.00;;21;531
2196;1;2.50;1558;10;531
2197;1;2.50;1558;10;531
2198;1;2.50;1559;13;531
2199;1;1.50;1559;16;531
1561;2;18.00;;4;532
1562;1;19.50;;7;532
1563;1;5.00;;25;532
1564;1;5.50;;29;532
1565;1;20.00;;3;533
1566;1;17.00;;5;533
2200;1;2.50;1566;13;533
2201;1;2.00;1566;15;533
1567;1;18.00;;2;534
1568;1;14.00;;1;534
1569;1;3.00;;21;534
1570;1;5.50;;29;534
2202;1;2.00;1567;11;534
2203;1;2.50;1567;12;534
2204;1;2.00;1568;15;534
2205;1;2.50;1568;18;534
1571;1;17.00;;5;535
1572;1;19.50;;7;535
1573;1;19.00;;6;536
1574;1;4.50;;23;536
1575;1;5.00;;30;536
1576;1;18.00;;2;537
1577;1;14.00;;1;537
1578;1;4.50;;23;537
2206;1;3.50;1577;20;537
2207;1;2.00;1577;15;537
1579;1;20.50;;8;538
1580;1;18.00;;2;538
1581;1;17.00;;5;538
1582;1;4.50;;26;538
2208;1;2.00;1580;17;538
2209;1;2.50;1580;18;538
2210;1;3.00;1581;9;538
2211;1;2.50;1581;18;538
1583;1;19.00;;6;539
1584;1;20.50;;8;539
1585;1;14.00;;1;540
1586;1;19.00;;6;540
1587;1;4.50;;23;540
1588;1;19.00;;6;541
1589;1;20.50;;8;541
1590;1;6.00;;27;541
2212;1;1.50;1588;16;541
2213;1;3.00;1589;14;541
1591;1;20.50;;8;542
1592;1;20.00;;3;542
1593;1;4.50;;23;542
1594;1;5.00;;25;542
2214;1;3.00;1592;14;542
1595;2;17.00;;5;543
1596;1;5.50;;29;543
2215;1;2.00;1595;15;543
2216;1;2.00;1595;11;543
1597;1;17.00;;5;544
1598;1;14.00;;1;544
1599;1;6.00;;27;544
2217;1;1.50;1598;16;544
1600;1;19.50;;7;545
1601;1;19.00;;6;545
1602;1;17.00;;5;545
1603;1;4.00;;22;545
1604;2;20.00;;3;546
1605;1;18.00;;4;547
1606;1;4.00;;24;547
1607;1;19.00;;6;548
1608;1;14.00;;1;548
2218;1;3.50;1607;20;548
2219;1;3.00;1607;9;548
1609;1;19.50;;7;549
1610;1;18.00;;2;549
1611;2;17.00;;5;549
1612;1;3.00;;21;549
1613;2;20.00;;3;550
